id,name,slug,games_count,image_background,games
1612,Valve Software,valve-software,44,https://media.rawg.io/media/games/46d/46d98e6910fbc0706e2948a7cc9b10c5.jpg,"[{'id': 4200, 'slug': 'portal-2', 'name': 'Portal 2', 'added': 20862}, {'id': 4291, 'slug': 'counter-strike-global-offensive', 'name': 'Counter-Strike: Global Offensive', 'added': 18350}, {'id': 13536, 'slug': 'portal', 'name': 'Portal', 'added': 17782}, {'id': 12020, 'slug': 'left-4-dead-2', 'name': 'Left 4 Dead 2', 'added': 17497}, {'id': 13537, 'slug': 'half-life-2', 'name': 'Half-Life 2', 'added': 16088}, {'id': 11859, 'slug': 'team-fortress-2', 'name': 'Team Fortress 2', 'added': 14043}]"
405,Ubisoft,ubisoft,349,https://media.rawg.io/media/games/15c/15c95a4915f88a3e89c821526afe05fc.jpg,"[{'id': 4161, 'slug': 'far-cry-3', 'name': 'Far Cry 3', 'added': 10810}, {'id': 3841, 'slug': 'assassins-creed-iv-black-flag', 'name': 'Assassin’s Creed IV: Black Flag', 'added': 9776}, {'id': 362, 'slug': 'for-honor', 'name': 'For Honor', 'added': 9677}, {'id': 23585, 'slug': 'far-cry-5', 'name': 'Far Cry 5', 'added': 8483}, {'id': 3687, 'slug': 'watch-dogs', 'name': 'Watch Dogs', 'added': 8419}, {'id': 9830, 'slug': 'brawlhalla', 'name': 'Brawlhalla', 'added': 8283}]"
18893,Feral Interactive,feral-interactive,107,https://media.rawg.io/media/screenshots/a8c/a8cd58ee985ab6d509370bddada91dbd.jpeg,"[{'id': 7689, 'slug': 'rise-of-the-tomb-raider', 'name': 'Rise of the Tomb Raider', 'added': 12399}, {'id': 11973, 'slug': 'shadow-of-mordor', 'name': 'Middle-earth: Shadow of Mordor', 'added': 11768}, {'id': 4427, 'slug': 'bioshock-2', 'name': 'BioShock 2', 'added': 11553}, {'id': 10754, 'slug': 'bioshock-remastered', 'name': 'BioShock Remastered', 'added': 10915}, {'id': 10035, 'slug': 'hitman', 'name': 'Hitman', 'added': 10879}, {'id': 10243, 'slug': 'company-of-heroes-2', 'name': 'Company of Heroes 2', 'added': 9877}]"
3709,Ubisoft Montreal,ubisoft-montreal,122,https://media.rawg.io/media/games/459/459ac8745027643ed7338516c0025cf7.jpg,"[{'id': 4161, 'slug': 'far-cry-3', 'name': 'Far Cry 3', 'added': 10810}, {'id': 3841, 'slug': 'assassins-creed-iv-black-flag', 'name': 'Assassin’s Creed IV: Black Flag', 'added': 9776}, {'id': 362, 'slug': 'for-honor', 'name': 'For Honor', 'added': 9677}, {'id': 23585, 'slug': 'far-cry-5', 'name': 'Far Cry 5', 'added': 8483}, {'id': 3687, 'slug': 'watch-dogs', 'name': 'Watch Dogs', 'added': 8419}, {'id': 58616, 'slug': 'assassins-creed-odyssey', 'name': ""Assassin's Creed Odyssey"", 'added': 8229}]"
4132,Square Enix,square-enix,374,https://media.rawg.io/media/games/54a/54a3e4c617217848dc43c4de9989fe37.jpg,"[{'id': 10035, 'slug': 'hitman', 'name': 'Hitman', 'added': 10879}, {'id': 3017, 'slug': 'just-cause-3', 'name': 'Just Cause 3', 'added': 9379}, {'id': 4513, 'slug': 'just-cause-2', 'name': 'Just Cause 2', 'added': 8935}, {'id': 3766, 'slug': 'thief', 'name': 'Thief', 'added': 7354}, {'id': 3474, 'slug': 'lara-croft-and-the-temple-of-osiris', 'name': 'Lara Croft and the Temple of Osiris', 'added': 7184}, {'id': 19569, 'slug': 'hitman-blood-money', 'name': 'Hitman: Blood Money', 'added': 5860}]"
3678,Capcom,capcom,476,https://media.rawg.io/media/screenshots/119/1190d9632988dbe1c6d3001ee51c4c74.jpg,"[{'id': 46889, 'slug': 'monster-hunter-world-2', 'name': 'Monster Hunter: World', 'added': 8831}, {'id': 480, 'slug': 'resident-evil-7-biohazard', 'name': 'Resident Evil 7: Biohazard', 'added': 8760}, {'id': 13461, 'slug': 'resident-evil-5-biohazard-5', 'name': 'Resident Evil 5', 'added': 7692}, {'id': 56184, 'slug': 'resident-evil-4', 'name': 'Resident Evil 4 (2005)', 'added': 7033}, {'id': 58755, 'slug': 'devil-may-cry-5', 'name': 'Devil May Cry 5', 'added': 6702}, {'id': 5159, 'slug': 'resident-evil-2', 'name': 'Resident Evil 2 (1998)', 'added': 6424}]"
109,Electronic Arts,electronic-arts,315,https://media.rawg.io/media/games/90f/90fd5e569bc4c4a666c588a732124908.jpg,"[{'id': 4570, 'slug': 'dead-space', 'name': 'Dead Space (2008)', 'added': 9527}, {'id': 5525, 'slug': 'brutal-legend', 'name': 'Brutal Legend', 'added': 8423}, {'id': 998, 'slug': 'battlefield-1', 'name': 'Battlefield 1', 'added': 7772}, {'id': 4550, 'slug': 'dead-space-2', 'name': 'Dead Space 2', 'added': 6781}, {'id': 3842, 'slug': 'battlefield-4', 'name': 'Battlefield 4', 'added': 6566}, {'id': 42187, 'slug': 'the-sims-4', 'name': 'The Sims 4', 'added': 6555}]"
17132,Aspyr Media,aspyr-media,71,https://media.rawg.io/media/games/046/0464f4a36cd975a37c95b93b06058855.jpg,"[{'id': 4062, 'slug': 'bioshock-infinite', 'name': 'BioShock Infinite', 'added': 16100}, {'id': 802, 'slug': 'borderlands-2', 'name': 'Borderlands 2', 'added': 16005}, {'id': 13633, 'slug': 'civilization-v', 'name': ""Sid Meier's Civilization V"", 'added': 9771}, {'id': 3543, 'slug': 'borderlands-the-pre-sequel', 'name': 'Borderlands: The Pre-Sequel', 'added': 9315}, {'id': 10297, 'slug': 'civilization-vi', 'name': 'Sid Meier’s Civilization VI', 'added': 7468}, {'id': 15859, 'slug': 'star-wars-knights-of-the-old-republic-2', 'name': 'Star Wars: Knights of the Old Republic', 'added': 7001}]"
6,Sony Interactive Entertainment,sony-interactive-entertainment,527,https://media.rawg.io/media/games/596/596215939911a0d97facfc224b1bca30.jpg,"[{'id': 5193, 'slug': 'oddworld-abes-oddysee', 'name': ""Oddworld: Abe's Oddysee"", 'added': 5762}, {'id': 4491, 'slug': 'shadow-of-the-colossus', 'name': 'Shadow of the Colossus (2011)', 'added': 4587}, {'id': 57908, 'slug': 'tomb-raider-ii', 'name': 'Tomb Raider II', 'added': 3281}, {'id': 15851, 'slug': 'star-wars-dark-forces-2', 'name': 'Star Wars: Dark Forces', 'added': 3102}, {'id': 5403, 'slug': 'flower', 'name': 'Flower', 'added': 2753}, {'id': 12280, 'slug': 'tomb-raider-the-last-revelation', 'name': 'Tomb Raider IV: The Last Revelation', 'added': 2461}]"
425,SEGA,sega,582,https://media.rawg.io/media/games/31b/31b1a1a45ad7103e52eed8ef658209a2.jpg,"[{'id': 28179, 'slug': 'sega-mega-drive-and-genesis-classics', 'name': 'SEGA Mega Drive and Genesis Classics', 'added': 8401}, {'id': 3556, 'slug': 'alien-isolation', 'name': 'Alien: Isolation', 'added': 8183}, {'id': 492, 'slug': 'yakuza-0', 'name': 'Yakuza 0', 'added': 6668}, {'id': 53341, 'slug': 'jet-set-radio-2012', 'name': 'Jet Set Radio', 'added': 5309}, {'id': 23587, 'slug': 'sonic-mania', 'name': 'Sonic Mania', 'added': 5052}, {'id': 3965, 'slug': 'binary-domain', 'name': 'Binary Domain', 'added': 4671}]"
4,Bethesda Softworks,bethesda-softworks,63,https://media.rawg.io/media/games/596/596a48ef3b62b63b4cc59633e28be903.jpg,"[{'id': 2454, 'slug': 'doom', 'name': 'DOOM (2016)', 'added': 14018}, {'id': 3696, 'slug': 'wolfenstein-the-new-order', 'name': 'Wolfenstein: The New Order', 'added': 10459}, {'id': 864, 'slug': 'dishonored-2', 'name': 'Dishonored 2', 'added': 10020}, {'id': 4248, 'slug': 'dishonored', 'name': 'Dishonored', 'added': 9982}, {'id': 58777, 'slug': 'doom-eternal', 'name': 'DOOM Eternal', 'added': 7985}, {'id': 28202, 'slug': 'wolfenstein-2-the-new-colossus', 'name': 'Wolfenstein II: The New Colossus', 'added': 7296}]"
694,Telltale Games,telltale-games,131,https://media.rawg.io/media/games/674/674b67b66f510f5b273f50ca09341ee2.jpg,"[{'id': 23027, 'slug': 'the-walking-dead', 'name': 'The Walking Dead: Season 1', 'added': 11676}, {'id': 1682, 'slug': 'the-wolf-among-us', 'name': 'The Wolf Among Us', 'added': 7815}, {'id': 15834, 'slug': 'the-walking-dead-season-2', 'name': 'The Walking Dead: Season 2', 'added': 6284}, {'id': 2166, 'slug': 'game-of-thrones-a-telltale-games-series', 'name': 'Game of Thrones - A Telltale Games Series', 'added': 5287}, {'id': 2100, 'slug': 'tales-from-the-borderlands', 'name': 'Tales from the Borderlands: A Telltale Game Series', 'added': 5148}, {'id': 2255, 'slug': '7-days-to-die', 'name': '7 Days to Die', 'added': 4314}]"
383,2K,2k,60,https://media.rawg.io/media/games/49c/49c3dfa4ce2f6f140cc4825868e858cb.jpg,"[{'id': 802, 'slug': 'borderlands-2', 'name': 'Borderlands 2', 'added': 16005}, {'id': 4427, 'slug': 'bioshock-2', 'name': 'BioShock 2', 'added': 11553}, {'id': 4828, 'slug': 'borderlands', 'name': 'Borderlands', 'added': 10138}, {'id': 3543, 'slug': 'borderlands-the-pre-sequel', 'name': 'Borderlands: The Pre-Sequel', 'added': 9315}, {'id': 13910, 'slug': 'xcom-enemy-unknown', 'name': 'XCOM: Enemy Unknown', 'added': 8520}, {'id': 4223, 'slug': 'the-darkness-ii', 'name': 'The Darkness II', 'added': 8140}]"
3,Warner Bros. Interactive,warner-bros-interactive,79,https://media.rawg.io/media/screenshots/1c9/1c9c69f0edb8c4f45e3fa6958fb8d40a.jpg,"[{'id': 108, 'slug': 'mortal-kombat-x', 'name': 'Mortal Kombat X', 'added': 9032}, {'id': 613, 'slug': 'bastion', 'name': 'Bastion', 'added': 8751}, {'id': 25, 'slug': 'middle-earth-shadow-of-war', 'name': 'Middle-earth: Shadow of War', 'added': 8756}, {'id': 2235, 'slug': 'batman-arkham-origins', 'name': 'Batman: Arkham Origins', 'added': 8059}, {'id': 2597, 'slug': 'lego-lord-of-the-rings', 'name': 'LEGO The Lord of the Rings', 'added': 5990}, {'id': 3729, 'slug': 'lego-the-hobbit', 'name': 'LEGO The Hobbit', 'added': 5486}]"
386,BANDAI NAMCO Entertainment America,bandai-namco-entertainment-america-inc,138,https://media.rawg.io/media/screenshots/104/104603a5c863d6fa6be4d4bb1fed6db6.jpeg,"[{'id': 41, 'slug': 'little-nightmares', 'name': 'Little Nightmares', 'added': 11663}, {'id': 2551, 'slug': 'dark-souls-iii', 'name': 'Dark Souls III', 'added': 11217}, {'id': 3371, 'slug': 'dark-souls-ii-scholar-of-the-first-sin', 'name': 'Dark Souls II: Scholar of the First Sin', 'added': 6205}, {'id': 36, 'slug': 'tekken-7', 'name': 'TEKKEN 7', 'added': 4198}, {'id': 5538, 'slug': 'dark-souls', 'name': 'Dark Souls', 'added': 3335}, {'id': 58637, 'slug': 'code-vein', 'name': 'Code Vein', 'added': 2991}]"
343,id Software,id-software,90,https://media.rawg.io/media/games/38a/38af969459ad6e5de116ec8a4a84218c.jpg,"[{'id': 2454, 'slug': 'doom', 'name': 'DOOM (2016)', 'added': 14018}, {'id': 58777, 'slug': 'doom-eternal', 'name': 'DOOM Eternal', 'added': 7985}, {'id': 28202, 'slug': 'wolfenstein-2-the-new-colossus', 'name': 'Wolfenstein II: The New Colossus', 'added': 7296}, {'id': 43877, 'slug': 'quake-champions', 'name': 'Quake Champions', 'added': 7180}, {'id': 5636, 'slug': 'rage', 'name': 'Rage', 'added': 4645}, {'id': 19458, 'slug': 'doom-3', 'name': 'Doom 3', 'added': 3958}]"
4015,Gearbox Software,gearbox-software,57,https://media.rawg.io/media/games/4e2/4e2270713ba0d59ea1dba61158ff842e.jpg,"[{'id': 802, 'slug': 'borderlands-2', 'name': 'Borderlands 2', 'added': 16005}, {'id': 18080, 'slug': 'half-life', 'name': 'Half-Life', 'added': 11519}, {'id': 4828, 'slug': 'borderlands', 'name': 'Borderlands', 'added': 10138}, {'id': 3543, 'slug': 'borderlands-the-pre-sequel', 'name': 'Borderlands: The Pre-Sequel', 'added': 9315}, {'id': 19542, 'slug': 'half-life-blue-shift', 'name': 'Half-Life: Blue Shift', 'added': 7033}, {'id': 21265, 'slug': 'half-life-opposing-force', 'name': 'Half-Life: Opposing Force', 'added': 7017}]"
436,Devolver Digital,devolver-digital,61,https://media.rawg.io/media/screenshots/2fc/2fc6994425146f9dba3133400b414e29.jpg,"[{'id': 3612, 'slug': 'hotline-miami', 'name': 'Hotline Miami', 'added': 10899}, {'id': 11435, 'slug': 'viscera-cleanup-detail-shadow-warrior', 'name': 'Viscera Cleanup Detail: Shadow Warrior', 'added': 7412}, {'id': 2733, 'slug': 'broforce', 'name': 'Broforce', 'added': 6387}, {'id': 3408, 'slug': 'hotline-miami-2-wrong-number', 'name': 'Hotline Miami 2: Wrong Number', 'added': 6447}, {'id': 3368, 'slug': 'titan-souls', 'name': 'Titan Souls', 'added': 5735}, {'id': 3697, 'slug': 'serious-sam-3-bfe', 'name': 'Serious Sam 3: BFE', 'added': 5336}]"
4207,Bethesda Game Studios,bethesda-game-studios,42,https://media.rawg.io/media/screenshots/a9d/a9d494c3789952790470cfbcf0f8e367.jpg,"[{'id': 5679, 'slug': 'the-elder-scrolls-v-skyrim', 'name': 'The Elder Scrolls V: Skyrim', 'added': 16834}, {'id': 3070, 'slug': 'fallout-4', 'name': 'Fallout 4', 'added': 14278}, {'id': 12447, 'slug': 'the-elder-scrolls-v-skyrim-special-edition', 'name': 'The Elder Scrolls V: Skyrim Special Edition', 'added': 10081}, {'id': 58777, 'slug': 'doom-eternal', 'name': 'DOOM Eternal', 'added': 7985}, {'id': 559, 'slug': 'fallout-shelter', 'name': 'Fallout Shelter', 'added': 7107}, {'id': 5562, 'slug': 'fallout-3', 'name': 'Fallout 3', 'added': 6698}]"
16257,Nintendo,nintendo,429,https://media.rawg.io/media/games/c23/c231ef56cdd277fad5fbcd2f6b7d2951.jpg,"[{'id': 22511, 'slug': 'the-legend-of-zelda-breath-of-the-wild', 'name': 'The Legend of Zelda: Breath of the Wild', 'added': 6344}, {'id': 28026, 'slug': 'super-mario-odyssey', 'name': 'Super Mario Odyssey', 'added': 3886}, {'id': 58829, 'slug': 'super-smash-bros-ultimate', 'name': 'Super Smash Bros. Ultimate', 'added': 2245}, {'id': 25097, 'slug': 'the-legend-of-zelda-ocarina-of-time', 'name': 'The Legend of Zelda: Ocarina of Time', 'added': 1882}, {'id': 421698, 'slug': 'animal-crossing-2019', 'name': 'Animal Crossing: New Horizons', 'added': 1862}, {'id': 23165, 'slug': 'mario-kart-8-deluxe', 'name': 'Mario Kart 8 Deluxe', 'added': 1860}]"
23342,NVIDIA Lightspeed Studios,nvidia-lightspeed-studios,22,https://media.rawg.io/media/screenshots/a0f/a0f898ff084625c10e7f84058325b2eb.jpg,"[{'id': 13536, 'slug': 'portal', 'name': 'Portal', 'added': 17782}, {'id': 13537, 'slug': 'half-life-2', 'name': 'Half-Life 2', 'added': 16088}, {'id': 19710, 'slug': 'half-life-2-episode-one', 'name': 'Half-Life 2: Episode One', 'added': 11393}, {'id': 19709, 'slug': 'half-life-2-episode-two', 'name': 'Half-Life 2: Episode Two', 'added': 11285}, {'id': 3144, 'slug': 'super-meat-boy', 'name': 'Super Meat Boy', 'added': 9693}, {'id': 2873, 'slug': 'the-witness', 'name': 'The Witness', 'added': 6392}]"
84,THQ Nordic,thq-nordic,67,https://media.rawg.io/media/screenshots/9db/9db5d5ae17b26e26174d289e2654ed60.jpg,"[{'id': 11052, 'slug': 'titan-quest-anniversary-edition', 'name': 'Titan Quest Anniversary Edition', 'added': 8020}, {'id': 10449, 'slug': 'darksiders-ii-deathinitive-edition', 'name': 'Darksiders II Deathinitive Edition', 'added': 5671}, {'id': 4179, 'slug': 'darksiders-ii', 'name': 'Darksiders II', 'added': 5335}, {'id': 398423, 'slug': 'gothic-playable-teaser', 'name': 'Gothic Playable Teaser', 'added': 4867}, {'id': 15566, 'slug': 'red-faction-guerrilla', 'name': 'Red Faction: Guerrilla', 'added': 4723}, {'id': 123, 'slug': 'titan-quest', 'name': 'Titan Quest', 'added': 3980}]"
8933,BioWare,bioware,66,https://media.rawg.io/media/games/6e0/6e0c19bb111bd4fa20cf0eb72a049519.jpg,"[{'id': 4806, 'slug': 'mass-effect-2', 'name': 'Mass Effect 2', 'added': 9511}, {'id': 4166, 'slug': 'mass-effect', 'name': 'Mass Effect', 'added': 9001}, {'id': 15859, 'slug': 'star-wars-knights-of-the-old-republic-2', 'name': 'Star Wars: Knights of the Old Republic', 'added': 7001}, {'id': 4639, 'slug': 'dragon-age-origins', 'name': 'Dragon Age: Origins', 'added': 6928}, {'id': 28559, 'slug': 'dragon-age-inquisition', 'name': 'Dragon Age: Inquisition', 'added': 6392}, {'id': 4439, 'slug': 'mass-effect-3', 'name': 'Mass Effect 3', 'added': 4701}]"
17,Capcom U.S.A,capcom-usa-inc,81,https://media.rawg.io/media/games/f75/f751a9a43abb507bf95f9b96cc79feac.jpg,"[{'id': 46889, 'slug': 'monster-hunter-world-2', 'name': 'Monster Hunter: World', 'added': 8831}, {'id': 480, 'slug': 'resident-evil-7-biohazard', 'name': 'Resident Evil 7: Biohazard', 'added': 8760}, {'id': 4032, 'slug': 'dragons-dogma-dark-arisen', 'name': ""Dragon's Dogma: Dark Arisen"", 'added': 5195}, {'id': 4000, 'slug': 'remember-me', 'name': 'Remember Me', 'added': 5200}, {'id': 2805, 'slug': 'street-fighter-v', 'name': 'Street Fighter V', 'added': 4501}, {'id': 4012, 'slug': 'resident-evil-revelations-biohazard-revelations', 'name': 'Resident Evil Revelations', 'added': 4489}]"
9023,CD PROJEKT RED,cd-projekt-red,26,https://media.rawg.io/media/screenshots/cec/cec3bfdf1bcd8e9d49eaece1b8239cf3.jpg,"[{'id': 3328, 'slug': 'the-witcher-3-wild-hunt', 'name': 'The Witcher 3: Wild Hunt', 'added': 22166}, {'id': 41494, 'slug': 'cyberpunk-2077', 'name': 'Cyberpunk 2077', 'added': 13934}, {'id': 16944, 'slug': 'the-witcher-2-assassins-of-kings-enhanced-edition', 'name': 'The Witcher 2: Assassins of Kings Enhanced Edition', 'added': 12033}, {'id': 17822, 'slug': 'the-witcher-enhanced-edition-directors-cut', 'name': ""The Witcher: Enhanced Edition Director's Cut"", 'added': 11930}, {'id': 23557, 'slug': 'gwent-the-witcher-card-game', 'name': 'Gwent: The Witcher Card Game', 'added': 5067}, {'id': 244722, 'slug': 'gwent-thronebreaker', 'name': 'Thronebreaker: The Witcher Tales', 'added': 2442}]"
5833,Raven Software,raven-software,48,https://media.rawg.io/media/games/7e3/7e327a055bedb9b6d1be86593bef473d.jpg,"[{'id': 906, 'slug': 'cod-black-ops-iii', 'name': 'Call of Duty: Black Ops III', 'added': 7256}, {'id': 865, 'slug': 'call-of-duty-black-ops', 'name': 'Call of Duty: Black Ops', 'added': 6975}, {'id': 11276, 'slug': 'call-of-duty-modern-warfare-3', 'name': 'Call of Duty: Modern Warfare 3', 'added': 6372}, {'id': 884, 'slug': 'call-of-duty-modern-warfare-remastered', 'name': 'Call of Duty: Modern Warfare Remastered', 'added': 4636}, {'id': 4535, 'slug': 'modern-warfare', 'name': 'Call of Duty 4: Modern Warfare', 'added': 4520}, {'id': 11970, 'slug': 'star-wars-jedi-knight-jedi-academy', 'name': 'Star Wars Jedi Knight: Jedi Academy', 'added': 4409}]"
4037,Crystal Dynamics,crystal-dynamics,47,https://media.rawg.io/media/screenshots/19e/19ebc6b56274bca1ba381024a10b84dc.jpg,"[{'id': 5286, 'slug': 'tomb-raider', 'name': 'Tomb Raider (2013)', 'added': 17805}, {'id': 7689, 'slug': 'rise-of-the-tomb-raider', 'name': 'Rise of the Tomb Raider', 'added': 12399}, {'id': 3474, 'slug': 'lara-croft-and-the-temple-of-osiris', 'name': 'Lara Croft and the Temple of Osiris', 'added': 7184}, {'id': 4882, 'slug': 'lara-croft-gol', 'name': 'Lara Croft and the Guardian of Light', 'added': 5017}, {'id': 4869, 'slug': 'tomb-raider-underworld', 'name': 'Tomb Raider: Underworld', 'added': 4965}, {'id': 5298, 'slug': 'tomb-raider-legend', 'name': 'Tomb Raider: Legend', 'added': 4530}]"
3524,Rockstar North,rockstar-north,29,https://media.rawg.io/media/screenshots/43b/43b00286439d859eaea32b8e269b83f9.jpg,"[{'id': 3498, 'slug': 'grand-theft-auto-v', 'name': 'Grand Theft Auto V', 'added': 22522}, {'id': 4459, 'slug': 'grand-theft-auto-iv', 'name': 'Grand Theft Auto IV', 'added': 13188}, {'id': 416, 'slug': 'grand-theft-auto-san-andreas', 'name': 'Grand Theft Auto: San Andreas', 'added': 12095}, {'id': 430, 'slug': 'grand-theft-auto-vice-city', 'name': 'Grand Theft Auto: Vice City', 'added': 9878}, {'id': 4544, 'slug': 'red-dead-redemption', 'name': 'Red Dead Redemption', 'added': 7430}, {'id': 4414, 'slug': 'grand-theft-auto-episodes-from-liberty-city', 'name': 'Grand Theft Auto: Episodes from Liberty City', 'added': 3820}]"
237,505 Games,505-games,53,https://media.rawg.io/media/screenshots/73a/73a2c7af85d51bbdb20516bf2128fd7d.jpg,"[{'id': 3939, 'slug': 'payday-2', 'name': 'PAYDAY 2', 'added': 14138}, {'id': 58812, 'slug': 'control', 'name': 'Control', 'added': 9717}, {'id': 9743, 'slug': 'unturned', 'name': 'Unturned', 'added': 8544}, {'id': 13247, 'slug': 'human-fall-flat', 'name': 'Human: Fall Flat', 'added': 5909}, {'id': 3651, 'slug': 'sniper-elite-3', 'name': 'Sniper Elite 3', 'added': 4060}, {'id': 61176, 'slug': 'bloodstained-ritual-of-the-night', 'name': 'Bloodstained: Ritual of the Night', 'added': 3430}]"
1072,Digital Extremes,digital-extremes,21,https://media.rawg.io/media/games/657/657574cd437df9102f511b3be095b0ea.jpg,"[{'id': 4286, 'slug': 'bioshock', 'name': 'BioShock', 'added': 14759}, {'id': 766, 'slug': 'warframe', 'name': 'Warframe', 'added': 13140}, {'id': 4427, 'slug': 'bioshock-2', 'name': 'BioShock 2', 'added': 11553}, {'id': 10754, 'slug': 'bioshock-remastered', 'name': 'BioShock Remastered', 'added': 10915}, {'id': 11142, 'slug': 'bioshock-2-remastered', 'name': 'BioShock 2 Remastered', 'added': 9172}, {'id': 4223, 'slug': 'the-darkness-ii', 'name': 'The Darkness II', 'added': 8140}]"
13328,Team17 Digital,team17-digital,110,https://media.rawg.io/media/screenshots/1b3/1b3680c0604d4e3c65fc883fd6ace209.jpg,"[{'id': 2115, 'slug': 'overcooked', 'name': 'Overcooked', 'added': 5963}, {'id': 58827, 'slug': 'overcooked-2', 'name': 'Overcooked! 2', 'added': 4484}, {'id': 10436, 'slug': 'golf-with-your-friends', 'name': 'Golf With Your Friends', 'added': 3599}, {'id': 20466, 'slug': 'worms-armageddon', 'name': 'Worms Armageddon', 'added': 3173}, {'id': 44029, 'slug': 'my-time-at-portia', 'name': 'My Time At Portia', 'added': 2690}, {'id': 4240, 'slug': 'worms-revolution', 'name': 'Worms Revolution', 'added': 2615}]"
13071,Naughty Dog,naughty-dog,28,https://media.rawg.io/media/games/837/837a609b0584db5d03534c8e767861b1.jpg,"[{'id': 2462, 'slug': 'uncharted-4-a-thiefs-end', 'name': 'Uncharted 4: A Thief’s End', 'added': 9601}, {'id': 3636, 'slug': 'the-last-of-us-remastered', 'name': 'The Last Of Us Remastered', 'added': 8986}, {'id': 51325, 'slug': 'the-last-of-us-part-2', 'name': 'The Last of Us Part II', 'added': 7408}, {'id': 3990, 'slug': 'the-last-of-us', 'name': 'The Last Of Us', 'added': 7268}, {'id': 5703, 'slug': 'uncharted-3-drakes-deception', 'name': ""Uncharted 3: Drake's Deception"", 'added': 6496}, {'id': 704634, 'slug': 'uncharted-legacy-of-thieves-collection', 'name': 'Uncharted: Legacy of Thieves Collection', 'added': 4950}]"
4149,2K Australia,2k-australia,12,https://media.rawg.io/media/screenshots/f2e/f2e59a790f186dbeb0a0085ef4558385.jpg,"[{'id': 4062, 'slug': 'bioshock-infinite', 'name': 'BioShock Infinite', 'added': 16100}, {'id': 4286, 'slug': 'bioshock', 'name': 'BioShock', 'added': 14759}, {'id': 4427, 'slug': 'bioshock-2', 'name': 'BioShock 2', 'added': 11553}, {'id': 10754, 'slug': 'bioshock-remastered', 'name': 'BioShock Remastered', 'added': 10915}, {'id': 3543, 'slug': 'borderlands-the-pre-sequel', 'name': 'Borderlands: The Pre-Sequel', 'added': 9315}, {'id': 11142, 'slug': 'bioshock-2-remastered', 'name': 'BioShock 2 Remastered', 'added': 9172}]"
3543,Codemasters,codemasters,101,https://media.rawg.io/media/games/bbe/bbe65d8d1e6cc08b79756ad475d5308f.jpg,"[{'id': 4003, 'slug': 'grid-2', 'name': 'GRID 2', 'added': 7719}, {'id': 2572, 'slug': 'dirt-rally', 'name': 'DiRT Rally', 'added': 7006}, {'id': 5578, 'slug': 'grid', 'name': 'GRID (2008)', 'added': 5425}, {'id': 4347, 'slug': 'dirt-showdown', 'name': 'DiRT Showdown', 'added': 4836}, {'id': 3251, 'slug': 'f1-2015', 'name': 'F1 2015', 'added': 3985}, {'id': 244716, 'slug': 'dirt-rally-20', 'name': 'DiRT Rally 2.0', 'added': 3531}]"
6763,FromSoftware,fromsoftware,76,https://media.rawg.io/media/screenshots/a79/a79e980e8651684389c5caa3f6dbddf8.jpg,"[{'id': 2551, 'slug': 'dark-souls-iii', 'name': 'Dark Souls III', 'added': 11217}, {'id': 3387, 'slug': 'bloodborne', 'name': 'Bloodborne', 'added': 8669}, {'id': 50734, 'slug': 'shadows-die-twice', 'name': 'Sekiro: Shadows Die Twice', 'added': 8353}, {'id': 326243, 'slug': 'elden-ring', 'name': 'Elden Ring', 'added': 8093}, {'id': 3371, 'slug': 'dark-souls-ii-scholar-of-the-first-sin', 'name': 'Dark Souls II: Scholar of the First Sin', 'added': 6205}, {'id': 14962, 'slug': 'dark-souls-prepare-to-die-edition', 'name': 'Dark Souls: Prepare To Die Edition', 'added': 5846}]"
22,Deep Silver,deep-silver,35,https://media.rawg.io/media/games/3a2/3a2abea98f66063677e06fb20ad35c0c.jpg,"[{'id': 3604, 'slug': 'metro-last-light-redux', 'name': 'Metro: Last Light Redux', 'added': 9360}, {'id': 3603, 'slug': 'metro-redux', 'name': 'Metro 2033 Redux', 'added': 9312}, {'id': 28172, 'slug': 'kingdom-come-deliverance', 'name': 'Kingdom Come: Deliverance', 'added': 7475}, {'id': 3450, 'slug': 'saints-row-gat-out-of-hell', 'name': 'Saints Row: Gat Out of Hell', 'added': 4120}, {'id': 19584, 'slug': 'risen-2-dark-waters-2', 'name': 'Risen 2: Dark Waters', 'added': 3490}, {'id': 4031, 'slug': 'dead-island-riptide', 'name': 'Dead Island Riptide', 'added': 3111}]"
3868,Firaxis,firaxis,36,https://media.rawg.io/media/screenshots/d0a/d0a700954a1d9a44dc410c6e2d453772.jpg,"[{'id': 13633, 'slug': 'civilization-v', 'name': ""Sid Meier's Civilization V"", 'added': 9771}, {'id': 13910, 'slug': 'xcom-enemy-unknown', 'name': 'XCOM: Enemy Unknown', 'added': 8520}, {'id': 1256, 'slug': 'xcom-2', 'name': 'XCOM 2', 'added': 7681}, {'id': 10297, 'slug': 'civilization-vi', 'name': 'Sid Meier’s Civilization VI', 'added': 7468}, {'id': 17380, 'slug': 'sid-meiers-civilization-iii-complete', 'name': ""Sid Meier's Civilization III Complete"", 'added': 5593}, {'id': 13780, 'slug': 'sid-meiers-civilization-iv', 'name': ""Sid Meier's Civilization IV"", 'added': 2974}]"
4033,IO Interactive,io-interactive-2,38,https://media.rawg.io/media/screenshots/c5c/c5cf501bbcd24706ead483539f2bcec8.jpg,"[{'id': 10035, 'slug': 'hitman', 'name': 'Hitman', 'added': 10879}, {'id': 5583, 'slug': 'hitman-absolution', 'name': 'Hitman: Absolution', 'added': 9765}, {'id': 58654, 'slug': 'hitman-2', 'name': 'Hitman 2', 'added': 8083}, {'id': 19569, 'slug': 'hitman-blood-money', 'name': 'Hitman: Blood Money', 'added': 5860}, {'id': 19592, 'slug': 'hitman-2-silent-assassin', 'name': 'Hitman 2: Silent Assassin', 'added': 4655}, {'id': 10049, 'slug': 'hitman-codename-47', 'name': 'Hitman: Codename 47', 'added': 3974}]"
18111,Electronic Arts DICE,ea-dice,39,https://media.rawg.io/media/games/f0e/f0ec103fb02562f9eafbcd73f124deb0.jpg,"[{'id': 4252, 'slug': 'mirrors-edge', 'name': ""Mirror's Edge"", 'added': 10919}, {'id': 998, 'slug': 'battlefield-1', 'name': 'Battlefield 1', 'added': 7772}, {'id': 3842, 'slug': 'battlefield-4', 'name': 'Battlefield 4', 'added': 6566}, {'id': 28152, 'slug': 'star-wars-battlefront-2', 'name': 'STAR WARS Battlefront II', 'added': 5924}, {'id': 3052, 'slug': 'star-wars-battlefront', 'name': 'STAR WARS Battlefront', 'added': 4979}, {'id': 4397, 'slug': 'battlefield-3', 'name': 'Battlefield 3', 'added': 4988}]"
10,Rockstar Games,rockstar-games,26,https://media.rawg.io/media/screenshots/a95/a95c031fe96063cc40ad377fd828d9ad.jpg,"[{'id': 3498, 'slug': 'grand-theft-auto-v', 'name': 'Grand Theft Auto V', 'added': 22522}, {'id': 28, 'slug': 'red-dead-redemption-2', 'name': 'Red Dead Redemption 2', 'added': 16828}, {'id': 4280, 'slug': 'max-payne-3', 'name': 'Max Payne 3', 'added': 8272}, {'id': 4544, 'slug': 'red-dead-redemption', 'name': 'Red Dead Redemption', 'added': 7430}, {'id': 2647, 'slug': 'manhunt', 'name': 'Manhunt', 'added': 2061}, {'id': 709004, 'slug': 'grand-theft-auto-san-andreas-the-definitive-editio', 'name': 'Grand Theft Auto: San Andreas – The Definitive Edition', 'added': 1181}]"
